{"cameraMode":{"drawMode":0,"name":"Shaded","section":"Shading Mode"},"sceneLighting":true,"audioPlay":false,"sceneViewState":{"m_AlwaysRefresh":false,"showFog":true,"showSkybox":true,"showFlares":true,"showImageEffects":true,"showParticleSystems":true,"showVisualEffectGraphs":true,"m_FxEnabled":true},"in2DMode":false,"pivot":{"x":0.00007009506225585938,"y":0.8462777137756348,"z":0.5361133217811585},"rotation":{"x":-0.11515647172927857,"y":-0.040208861231803897,"z":0.004596344195306301,"w":-0.9925562143325806},"size":0.8660253882408142,"orthographic":false}