{"cameraMode":{"drawMode":0,"name":"Shaded","section":"Shading Mode"},"sceneLighting":false,"audioPlay":false,"sceneViewState":{"m_AlwaysRefresh":false,"showFog":true,"showSkybox":false,"showFlares":true,"showImageEffects":true,"showParticleSystems":true,"showVisualEffectGraphs":true,"m_FxEnabled":true},"in2DMode":false,"pivot":{"x":14.035989761352539,"y":0.12640587985515595,"z":-5.679904460906982},"rotation":{"x":0.6656289100646973,"y":0.008954586461186409,"z":-0.007987766526639462,"w":0.7461891770362854},"size":14.967220306396485,"orthographic":false}