{"cameraMode":{"drawMode":0,"name":"Shaded","section":"Shading Mode"},"sceneLighting":false,"audioPlay":false,"sceneViewState":{"m_AlwaysRefresh":false,"showFog":false,"showSkybox":false,"showFlares":false,"showImageEffects":false,"showParticleSystems":false,"showVisualEffectGraphs":true,"m_FxEnabled":true},"in2DMode":false,"pivot":{"x":0.00007009506225585938,"y":0.8283934593200684,"z":0.03611329197883606},"rotation":{"x":-0.0045407796278595928,"y":-0.9931613206863403,"z":-0.041444044560194018,"w":0.10918152332305908},"size":1.3534297943115235,"orthographic":false}