{"cameraMode":{"drawMode":0,"name":"Shaded","section":"Shading Mode"},"sceneLighting":false,"audioPlay":false,"sceneViewState":{"m_AlwaysRefresh":false,"showFog":true,"showSkybox":false,"showFlares":true,"showImageEffects":true,"showParticleSystems":true,"showVisualEffectGraphs":true,"m_FxEnabled":true},"in2DMode":false,"pivot":{"x":0.4008653461933136,"y":0.4028688371181488,"z":-0.12646052241325379},"rotation":{"x":0.0009065292542800307,"y":-0.9872294068336487,"z":0.15921629965305329,"w":0.0056233457289636139},"size":2.478943347930908,"orthographic":false}