{"cameraMode":{"drawMode":0,"name":"Shaded","section":"Shading Mode"},"sceneLighting":false,"audioPlay":false,"sceneViewState":{"m_AlwaysRefresh":false,"showFog":false,"showSkybox":false,"showFlares":false,"showImageEffects":false,"showParticleSystems":false,"showVisualEffectGraphs":true,"m_FxEnabled":true},"in2DMode":false,"pivot":{"x":0.018948078155517579,"y":0.8051081895828247,"z":-0.00014579296112060547},"rotation":{"x":0.014907569624483586,"y":-0.22484083473682404,"z":0.0034257371444255115,"w":0.9742899537086487},"size":1.6676617860794068,"orthographic":false}