{"cameraMode":{"drawMode":0,"name":"Shaded","section":"Shading Mode"},"sceneLighting":false,"audioPlay":false,"sceneViewState":{"m_AlwaysRefresh":false,"showFog":true,"showSkybox":false,"showFlares":true,"showImageEffects":true,"showParticleSystems":true,"showVisualEffectGraphs":true,"m_FxEnabled":true},"in2DMode":false,"pivot":{"x":1.7999999523162842,"y":0.30000001192092898,"z":-0.800000011920929},"rotation":{"x":0.022369682788848878,"y":-0.7103479504585266,"z":-0.022600065916776658,"w":-0.7031484246253967},"size":0.8660253882408142,"orthographic":false}