{"cameraMode":{"drawMode":0,"name":"Shaded","section":"Shading Mode"},"sceneLighting":false,"audioPlay":false,"sceneViewState":{"m_AlwaysRefresh":false,"showFog":true,"showSkybox":false,"showFlares":true,"showImageEffects":true,"showParticleSystems":true,"showVisualEffectGraphs":true,"m_FxEnabled":true},"in2DMode":false,"pivot":{"x":0.10000038146972656,"y":-0.8713285326957703,"z":-1.7199997901916505},"rotation":{"x":0.1350303590297699,"y":0.7200486063957214,"z":-0.14625848829746247,"w":0.6647623777389526},"size":22.377485275268556,"orthographic":false}