{"cameraMode":{"drawMode":0,"name":"Shaded","section":"Shading Mode"},"sceneLighting":false,"audioPlay":false,"sceneViewState":{"m_AlwaysRefresh":false,"showFog":true,"showSkybox":false,"showFlares":true,"showImageEffects":true,"showParticleSystems":true,"showVisualEffectGraphs":true,"m_FxEnabled":true},"in2DMode":false,"pivot":{"x":7.152557373046875e-7,"y":0.19493591785430909,"z":1.1920928955078126e-7},"rotation":{"x":-0.012595790438354016,"y":0.020083894953131677,"z":0.00029982326668687165,"w":0.9997380971908569},"size":2.5402867794036867,"orthographic":false}