{"cameraMode":{"drawMode":0,"name":"Shaded","section":"Shading Mode"},"sceneLighting":false,"audioPlay":false,"sceneViewState":{"m_AlwaysRefresh":false,"showFog":true,"showSkybox":false,"showFlares":true,"showImageEffects":true,"showParticleSystems":true,"showVisualEffectGraphs":true,"m_FxEnabled":true},"in2DMode":false,"pivot":{"x":2.56302547454834,"y":2.2633650302886965,"z":-1.5476775169372559},"rotation":{"x":0.010048318654298783,"y":0.9737454652786255,"z":-0.2231721431016922,"w":0.043845389038324359},"size":6.003819942474365,"orthographic":false}