{"cameraMode":{"drawMode":0,"name":"Shaded","section":"Shading Mode"},"sceneLighting":false,"audioPlay":false,"sceneViewState":{"m_AlwaysRefresh":false,"showFog":true,"showSkybox":false,"showFlares":true,"showImageEffects":true,"showParticleSystems":true,"showVisualEffectGraphs":true,"m_FxEnabled":true},"in2DMode":false,"pivot":{"x":0.22261971235275269,"y":0.08466415852308274,"z":0.21180567145347596},"rotation":{"x":0.01070660911500454,"y":0.9745607972145081,"z":-0.047691475600004199,"w":0.21874582767486573},"size":0.351337194442749,"orthographic":false}